Fest_Name,Name,Role,Actual_name
fest_2,Stcerr Hbmond,organiser_2,Starr Hammond
fest_2,Ayliwn Slks,organiser_6,Aylin Seals
fest_2,Sebestien Hickjman,organiser_7,Sebastien Hickman
fest_2,Grechen Chlewsn,organiser_8,Gretchen Clawson
fest_1,Evelin B,organiser_1,Evelin Bradley
fest_2,leniez Gilbertson,organiser_10,Britton Gillespie
fest_1,mRiver Flipcieno,organiser_2,River Feliciano
fest_1,Leona Ca,organiser_9,Leona Cabral
fest_2,Ay Kehnei,organiser_1,Aya Kennedy
fest_1,tbdulelh Hors,organiser_6,Herman Turley
fest_2,S Stephon,organiser_3,Stephon Smoot
fest_1,Prxry Pefryen,organiser_10,Perry Perryman
fest_1,Derii Dai,organiser_3,Daria Daily
fest_1,RB,organiser_5,
fest_1,Jordi Taem,organiser_4,Jordi Tam
fest_2,AM,organiser_4,
fest_2,Reshawn Balsdeas,organiser_5,Rashawn Balderas
fest_1,Bline Mckesnezie,organiser_7,Blaine Mckenzie
fest_1,Ashanti John K,organiser_8,Ashanti Koenig
fest_2,zoie mcdermott,organiser_9,Zoie McDermott
